{"cameraMode":{"drawMode":0,"name":"Shaded","section":"Shading Mode"},"sceneLighting":true,"audioPlay":false,"sceneViewState":{"showFog":true,"showMaterialUpdate":false,"showSkybox":true,"showFlares":true,"showImageEffects":true,"showParticleSystems":true},"in2DMode":false,"pivot":{"x":-8.497179985046387,"y":1.0994716882705689,"z":-0.27265888452529909},"rotation":{"x":-0.03508220240473747,"y":-0.686086893081665,"z":-0.033156782388687137,"w":0.7259165048599243},"size":10.412273406982422,"orthographic":false}